Title,Location,Publish Date,Detail Link
"New
Backend Engineering Specialist (Full Time)
		    Mercor
                
Remote or in-person (Palo Alto, CA); in-office requires 5 days/week., California, USA","Remote or in-person (Palo Alto, CA); in-office requires 5 days/week., California, USA",05 November 2025,https://www.python.org/jobs/8002/
"New
Senior Back-End Developer
		    Showcare
                
Remote, Canada","Remote, Canada",03 November 2025,https://www.python.org/jobs/8001/
"New
Senior Software Engineer
		    Known
                
New York, NY, United States","New York, NY, United States",02 November 2025,https://www.python.org/jobs/8000/
"New
Lead Python Developer
		    United Wholesale Mortgage
                
Pontiac, USA","Pontiac, USA",28 October 2025,https://www.python.org/jobs/7999/
"New
AI Automation & Integration Engineer
		    Hoodie Analytics
                
Chicago Or Remote, Illinois, USA","Chicago Or Remote, Illinois, USA",27 October 2025,https://www.python.org/jobs/7998/
"New
Python developer (3-5 years experience) needed on strong team
		    Naia Corporation
                
Dover, North Carolina, USA","Dover, North Carolina, USA",27 October 2025,https://www.python.org/jobs/7997/
"New
Tech Leader
		    Domainsbot Inc.
                
Remote, Remote, Remote","Remote, Remote, Remote",22 October 2025,https://www.python.org/jobs/7996/
"New
Python Software Engineer
		    HypothesisBase
                
Remote, Remote, USA","Remote, Remote, USA",21 October 2025,https://www.python.org/jobs/7995/
"New
Senior Python Engineer (Supply Chain)
		    Picnic Technologies
                
Amsterdam, Netherlands","Amsterdam, Netherlands",21 October 2025,https://www.python.org/jobs/7994/
"New
Python Platform Engineer
		    Picnic Technologies
                
Amsterdam, Netherlands","Amsterdam, Netherlands",21 October 2025,https://www.python.org/jobs/7993/
"New
Senior Software Engineer (Back-End)
		    Simons Foundation
                
New York, New York, United States","New York, New York, United States",17 October 2025,https://www.python.org/jobs/7990/
"New
Senior Software Language Engineer – Python
		    680 Partners
                
Westport, CT, USA","Westport, CT, USA",16 October 2025,https://www.python.org/jobs/7989/
"New
Software Engineer (Enterprise Product, Observability; Remote)
		    Dagster Labs
                
Remote, USA","Remote, USA",14 October 2025,https://www.python.org/jobs/7988/
"New
Software Engineer - Platform (Experienced)
		    Dagster Labs
                
Remote, Remote, USA","Remote, Remote, USA",14 October 2025,https://www.python.org/jobs/7987/
"New
Senior/Expert Python Software Engineer
		    Upstaff.com
                
Kyiv, Kyiv Oblast, Ukraine","Kyiv, Kyiv Oblast, Ukraine",14 October 2025,https://www.python.org/jobs/7986/
"New
Founding Backend Engineer (On-site San Francisco) — Python • AWS • LLM/RAG
		    Purrfect Hire
                
San Francisco, California, United States","San Francisco, California, United States",13 October 2025,https://www.python.org/jobs/7985/
"New
Technical Support Analyst (min 2 Years of Python experience required)
		    ActivePrime.com
                
Remote, Work from Home, Remote","Remote, Work from Home, Remote",11 October 2025,https://www.python.org/jobs/7984/
"Senior Back-End Python Engineer
		    ActivePrime
                
Fairfield, Iowa, United States","Fairfield, Iowa, United States",08 October 2025,https://www.python.org/jobs/7981/
"Senior Python Developer
		    Basalt Health
                
Fairfield, Iowa, United States","Fairfield, Iowa, United States",08 October 2025,https://www.python.org/jobs/7980/
"Senior Python Developer
		    Basalt Health
                
Remote, USA","Remote, USA",07 October 2025,https://www.python.org/jobs/7977/
"Senior Back-End Python Engineer
		    ActivePrime.com
                
Remote, Work from Home, Remote","Remote, Work from Home, Remote",06 October 2025,https://www.python.org/jobs/7976/
"Senior Software Engineer (Python and Solidity)
		    LiquidFi
                
Miami or South Florida, Florida, US","Miami or South Florida, Florida, US",26 September 2025,https://www.python.org/jobs/7974/
"Senior Platform / Site Reliability Engineer (SRE) - FULLY REMOTE / EU / UK CANDIDATES / DUBAI
		    Podproza
                
Prague, REMOTE","Prague, REMOTE",26 September 2025,https://www.python.org/jobs/7973/
"Senior Python Software Engineer
		    Podproza
                
Remote / EU time zone / EU / UK / Dubai, Czech Republic","Remote / EU time zone / EU / UK / Dubai, Czech Republic",25 September 2025,https://www.python.org/jobs/7972/
"Backend Python Developer
		    Client of eSearchPro
                
Remote, United States, United States","Remote, United States, United States",18 September 2025,https://www.python.org/jobs/7969/
